system,metric,mean,std,n_points
Complex,rmsd_complex,0.46664003936063936,0.3532121432914515,1001
AChE,rmsd_ache,0.1883186723276723,0.009258507953627487,1001
Peptide,rmsd_pep,0.2517893410589411,0.013636392948958399,1001
Peptide,rmsf_pep,0.0733,0.018966988866624734,4
Complex,rdf_peak,0.0,0.0,97
Complex,sasa_complex,217.4754075924076,2.5202904780406366,1001
Peptide,sasa_pep,11.474407592407594,0.32406008347573106,1001
Complex,hbond_ache_pep,2.1878121878121877,0.804171193646796,1001
Peptide,hbond_intra,1.132867132867133,0.8621651067682333,1001
