type	res_i	res_j	count
inter	441	532	4980
inter	439	533	4957
inter	328	535	4904
inter	226	534	4628
inter	428	532	4595
inter	443	532	4592
inter	76	531	4499
inter	439	534	4424
inter	77	532	4392
inter	75	531	4373
inter	286	533	4309
inter	76	532	4259
inter	74	532	4248
inter	75	532	4227
inter	70	531	4179
inter	74	536	4098
inter	73	531	4082
inter	120	533	4014
inter	81	531	3960
inter	74	534	3431
inter	275	536	3421
inter	201	533	3395
inter	202	534	3233
inter	74	537	2789
inter	85	531	2597
inter	290	536	2338
inter	81	532	2231
inter	440	533	2053
inter	78	531	1917
inter	127	531	1677
inter	74	533	1571
inter	397	534	1515
inter	328	536	1477
inter	75	535	1411
inter	119	536	1259
inter	69	531	1227
inter	356	536	1214
inter	244	536	1212
inter	274	536	1146
inter	70	532	898
inter	227	534	706
inter	65	533	674
inter	122	531	614
inter	85	532	593
inter	129	531	576
inter	291	534	575
inter	430	533	530
inter	130	531	495
inter	72	532	491
inter	397	537	481
inter	442	533	470
inter	69	537	447
inter	123	531	437
inter	430	534	355
inter	427	532	334
inter	234	534	319
inter	123	534	242
inter	76	533	240
inter	75	533	220
inter	322	532	218
inter	71	537	199
inter	359	537	195
inter	331	534	193
inter	425	532	190
inter	331	535	180
inter	333	535	177
inter	114	533	168
inter	454	532	159
inter	80	535	156
inter	148	533	151
inter	129	533	138
inter	68	531	135
inter	393	534	133
inter	280	537	133
inter	114	532	129
inter	339	532	129
inter	82	533	127
inter	325	537	125
inter	118	531	109
inter	284	534	102
inter	428	531	102
inter	339	535	96
inter	233	537	86
inter	282	537	83
inter	81	533	73
inter	225	532	72
inter	429	532	69
inter	72	536	64
inter	83	535	63
inter	204	534	61
inter	226	532	59
inter	69	532	56
inter	273	536	54
inter	116	532	52
inter	434	532	43
inter	353	537	42
inter	86	533	39
inter	280	535	39
inter	68	535	38
inter	233	533	38
inter	122	536	37
inter	291	536	37
inter	398	537	37
inter	77	535	35
inter	430	535	32
inter	124	531	29
inter	332	533	28
inter	76	534	28
inter	201	532	27
inter	394	537	27
inter	439	531	24
inter	278	535	23
inter	358	537	23
inter	76	535	22
inter	327	537	22
inter	202	533	20
inter	389	537	19
inter	442	534	18
inter	233	535	18
inter	357	536	18
inter	247	536	17
inter	151	536	16
inter	233	536	16
inter	75	534	15
inter	331	532	14
inter	335	537	14
inter	325	532	12
inter	274	535	12
inter	339	537	12
inter	73	533	12
inter	243	536	10
intra	537	533	2384
intra	533	537	2384
intra	532	537	123
intra	537	532	123
intra	533	536	119
intra	536	533	119
intra	532	536	85
intra	536	532	85
